elvenavn,nedborfeltVassdragNr,nivaa,elvelengde,vassdragsomrade,fluvial_length,fluvial_n,glacial_length,glacial_n,fluvial_perc,glacial_perc,centroid_x,centroid_y,i,fylke1,fylke1_km,fylke2,fylke2_km,fylke3,fylke3_km
Leira,002.CAZ,3a,101037.75645893,002,15484.0487693309,1,NA,NA,15.3,NA,10.948239873606823,60.191544368212774,44,Akershus,83,Innlandet,18,-,0
Sagelva-Fjellhammarelva,002.CBZ,3a,24940.0258567,002,382.72659000039,1,NA,NA,1.5,NA,10.942487464213757,59.900040380089294,303,Akershus,15,Oslo,12,-,0
Nitelva,002.CZ,2a,71273.58068835,002,8291.37550245904,1,NA,NA,11.6,NA,10.845647685879326,60.08675077642263,304,Akershus,71,-,0,-,0
Tromsa,002.DEZ,3a,35182.60112784,002,965.177366502336,1,NA,NA,2.7,NA,10.439663930271276,61.449753419780976,45,Innlandet,35,-,0,-,0
Vinstra,002.DFZ,3a,128015.87534351,002,NA,NA,10423.2332709176,1,NA,8.1,9.034852256889884,61.411361103141,46,Innlandet,128,-,0,-,0
Sjoa,002.DGZ,3a,106856.68127228,002,NA,NA,8258.66343778432,1,NA,7.7,8.920530708619927,61.59639848285291,47,Innlandet,106,Vestland,0,-,0
Otta,002.DHZ,3a,148709.06134198,002,NA,NA,2250.8093080109,1,NA,1.5,8.397221398913535,61.90786745426601,48,Innlandet,141,Møre og Romsdal,6,-,0
Jora,002.DJZ,3a,48554.86584117,002,1592.56647607359,1,NA,NA,3.3,NA,9.011980876707938,62.21078467658353,49,Innlandet,48,-,0,-,0
Lora,002.DKZ,3a,41504.07555702,002,NA,NA,2221.4009786843,1,NA,5.4,8.368877374024928,62.06268455344618,50,Innlandet,41,-,0,-,0
Vorma-Lågen,002.DZ,2a,348073.12036504,002,62789.6908104221,4,10755.729117086,2,18,3.1,10.141605127651518,61.305294315671865,51,Innlandet,301,Akershus,47,-,0
Dyståa,002.E4Z,3a,12882.48580313,002,1037.91531530371,1,NA,NA,8.1,NA,11.589070952417549,60.239140738535866,52,Innlandet,8,Akershus,4,-,0
Sæteråa,002.E5Z,3a,24308.28531471,002,510.196546670175,1,NA,NA,2.1,NA,11.70713094948889,60.154975113929034,53,Innlandet,24,-,0,-,0
Sloa,002.F2Z,3a,18010.86250072,002,458.343604348989,1,NA,NA,2.5,NA,11.768778997387356,60.2949991562664,54,Innlandet,18,-,0,-,0
Vingersnoret,002.F3Z,3a,22034.3520397,002,5288.85733698445,1,NA,NA,24,NA,12.123988398577522,60.18080764366984,55,Innlandet,22,-,0,-,0
Agnåa,002.F6Z,3a,28550.14248849,002,2728.98823788049,1,NA,NA,9.6,NA,11.919672425730555,60.40858543990117,56,Innlandet,28,-,0,-,0
Skasåa,002.FZ,2a,53994.84586749,002,2008.22095756974,1,4208.01753953685,1,3.7,7.8,12.213499475795233,60.33850959535594,57,Innlandet,54,-,0,-,0
Tjuråa,002.G1Z,3a,20328.77429387,002,4620.00422102783,1,NA,NA,22.7,NA,12.142260842750298,60.44154731455498,58,Innlandet,20,-,0,-,0
Domma,002.G2Z,3a,18009.97020471,002,5113.28672791471,1,5277.35792459645,1,28.4,29.3,11.958578560104833,60.43296012881259,59,Innlandet,18,-,0,-,0
Namnåa,002.G3Z,3a,25627.18027001,002,4739.33084590035,2,NA,NA,18.5,NA,12.15625867790489,60.53335473018568,60,Innlandet,26,-,0,-,0
Auståa,002.G6Z,3a,41971.45783232,002,7992.7582838576,1,2700.10756062597,1,19,6.4,11.84699333838544,60.5571847110502,61,Innlandet,42,-,0,-,0
Vermundsåa,002.GAZ,3a,44977.11056007,002,NA,NA,1648.10783075244,1,NA,3.7,12.518854294626351,60.72655488835777,62,Innlandet,10,-,0,-,0
Kynna,002.GBZ,3a,49918.45754175,002,NA,NA,31263.8767574121,2,NA,62.6,12.027600498423599,60.83973015681077,63,Innlandet,50,-,0,-,0
Halåa,002.GCZ,3a,46426.53630979,002,NA,NA,1067.40940829262,1,NA,2.3,12.224409495113676,60.966383020385166,64,Innlandet,31,-,0,-,0
Flisa,002.GZ,2a,126764.71529266,002,5969.83515535611,1,38382.6855533093,1,4.7,30.3,12.075079144480174,60.86320920226291,65,Innlandet,126,-,0,-,0
Hasla,002.H1Z,3a,40403.18510442,002,3954.46209022794,1,19521.0655818125,1,9.8,48.3,11.909333668741953,60.709081256462596,66,Innlandet,40,-,0,-,0
Tverråa,002.H2Z,3a,18742.2982535,002,2334.28188731424,1,1949.10592972667,1,12.5,10.4,11.824960735700552,60.61101787370332,67,Innlandet,19,-,0,-,0
Jømna,002.H3Z,3a,34059.31227679,002,2929.96327372517,1,NA,NA,8.6,NA,11.689633323642923,60.89182387068007,68,Innlandet,34,-,0,-,0
Bronkåa,002.H4Z,3a,23711.62660864,002,3238.77845757862,1,NA,NA,13.7,NA,11.651567409717769,60.71315127751129,69,Innlandet,24,-,0,-,0
Terninga,002.H6Z,3a,22426.73527191,002,2157.06967585976,1,4830.5863257936,1,9.6,21.5,11.452970933731267,60.88278920976659,70,Innlandet,22,-,0,-,0
Letjerna,002.H7Z,3a,13741.19354852,002,1693.56225715781,1,234.447860223328,1,12.3,1.7,11.524184478885072,61.026688481745595,71,Innlandet,14,-,0,-,0
Øksna,002.H8Z,3a,21395.60838574,002,892.245973117071,1,NA,NA,4.2,NA,11.355907511329619,60.97975694716842,72,Innlandet,21,-,0,-,0
Åsta,002.HZ,2a,73103.25617767,002,1086.34549022285,1,NA,NA,1.5,NA,10.902541718788125,61.21407873117367,73,Innlandet,73,-,0,-,0
Julussa,002.JAZ,3a,46953.43052513,002,NA,NA,21011.7258439751,1,NA,44.8,11.630613772602233,61.06614342338625,74,Innlandet,47,-,0,-,0
Osa,002.JBZ,3a,91302.71477217,002,NA,NA,7873.45036306288,2,NA,8.6,11.678460579677582,61.437290119321744,75,Innlandet,91,-,0,-,0
Mistra,002.JDZ,3a,71064.13992096,002,NA,NA,696.775652861951,1,NA,1,11.359483656420483,61.8693864762787,76,Innlandet,71,-,0,-,0
Tysla,002.JEZ,3a,45129.55607772,002,9795.94073555326,1,3779.29542787118,2,21.7,8.4,10.891076956845366,62.04755316024549,77,Innlandet,45,-,0,-,0
Rena,002.JZ,2a,151046.68198581,002,21157.4102229456,2,27439.1536829049,4,14,18.2,11.206520655706491,61.708021612883726,78,Innlandet,151,-,0,-,0
Ygla,002.K1Z,3a,14452.47733656,002,1696.30339683193,1,899.181421192071,1,11.7,6.2,11.411984188786507,61.19604421252478,79,Innlandet,14,-,0,-,0
Hovda,002.K2Z,3a,24957.87386898,002,820.685661294465,1,167.315587104244,1,3.3,0.7,11.20288313116392,61.23278684894426,80,Innlandet,25,-,0,-,0
Neta,002.K3Z,3a,20511.83274228,002,1861.43402620081,1,NA,NA,9.1,NA,11.20746843961791,61.430448256618945,81,Innlandet,20,-,0,-,0
Søkkunda,002.K6Z,3a,22589.96423466,002,2267.06156553588,1,NA,NA,10,NA,11.043599032580063,61.33993331306375,82,Innlandet,23,-,0,-,0
Eldåa,002.KAZ,3a,27307.0856562,002,853.93918286107,1,NA,NA,3.1,NA,10.784823090300984,61.44676466761719,83,Innlandet,27,-,0,-,0
Imsa,002.KZ,2a,42717.41201712,002,6333.09416642991,1,3692.00062959355,1,14.8,8.6,10.7506889156296,61.54029190571362,84,Innlandet,43,-,0,-,0
Trya,002.L2Z,3a,25401.31742941,002,4203.67559860315,1,331.974354455661,1,16.5,1.3,10.881947896151845,61.580567113857754,85,Innlandet,25,-,0,-,0
Tresa,002.L3Z,3a,20491.62434216,002,1869.91553327931,1,1831.72559337351,1,9.1,8.9,11.001284437451442,61.661783806744815,86,Innlandet,20,-,0,-,0
Søre bjøråa,002.L4Z,3a,18288.38997619,002,821.53874412361,1,NA,NA,4.5,NA,10.75716776772974,61.64641077926798,87,Innlandet,18,-,0,-,0
Nordre bjøråa,002.L6Z,3a,22622.28039658,002,753.616851203292,1,NA,NA,3.3,NA,10.758245565662056,61.675053076997294,88,Innlandet,23,-,0,-,0
Atna,002.LZ,2a,103477.66071242,002,NA,NA,5481.91041423795,1,NA,5.3,10.187801396747943,61.893444634547244,89,Innlandet,103,-,0,-,0
Tegninga,002.M4Z,3a,23407.23456667,002,NA,NA,2350.50652313814,1,NA,10,10.733528769164614,61.91547734372694,90,Innlandet,23,-,0,-,0
Auma,002.M8Z,3a,26276.04027867,002,788.720897267846,1,NA,NA,3,NA,10.591375701102127,62.019811117028155,91,Innlandet,26,-,0,-,0
Sølna,002.MAZ,3a,54785.10567456,002,2117.52369647597,1,2207.71468578813,1,3.9,4,10.320551898545167,62.01357357747842,92,Innlandet,55,-,0,-,0
Grimsa,002.MDZ,3a,65412.20762703,002,NA,NA,8682.25954684397,1,NA,13.3,9.799620628075983,62.06961243369871,93,Innlandet,65,-,0,-,0
Kvita,002.MEZ,3a,18365.76297968,002,NA,NA,9870.51462761334,1,NA,53.7,9.737835895894367,62.24296962560726,94,Innlandet,17,Trøndelag,1,-,0
Folla,002.MZ,2a,114366.2252426,002,7730.63502621752,1,2375.36338593635,2,6.8,2.1,9.900937956811138,62.15873332288562,95,Innlandet,114,-,0,-,0
Sivilla,002.N2Z,3a,31057.25822301,002,296.293246401997,1,NA,NA,1,NA,10.506245090359911,62.26649279107199,96,Innlandet,31,-,0,-,0
Auma,002.N3Z,3a,17354.41102039,002,1297.36638754271,1,4407.53032222763,1,7.5,25.4,10.783508573963664,62.21472121159089,97,Innlandet,17,-,0,-,0
Lona,002.NAZ,3a,40333.7759217,002,NA,NA,15891.0995071385,1,NA,39.4,10.750992498761242,62.473780923675065,98,Innlandet,40,-,0,-,0
Tunna,002.NZ,2a,54022.82951327,002,4442.73623669693,1,954.439218308406,2,8.2,1.8,10.541784923489558,62.384754661945976,99,Innlandet,54,-,0,-,0
Stortela,002.P1Z,3a,29139.58749964,002,1284.36490772068,1,3725.75725616278,1,4.4,12.8,11.004642406087255,62.30752148133202,100,Innlandet,29,-,0,-,0
Tolga,002.P4Z,3a,15601.24218589,002,NA,NA,2313.44763160829,1,NA,14.8,10.954525615577204,62.44710933565132,101,Innlandet,16,-,0,-,0
Hangåa,002.PAZ,3a,22124.62668327,002,NA,NA,2374.70370183665,1,NA,10.7,11.091858792911388,62.613348275225924,102,Innlandet,19,Trøndelag,3,-,0
Vangrøfta,002.PZ,2a,42117.59113505,002,NA,NA,2510.31540197242,1,NA,6,10.968895523922113,62.57446308252699,103,Innlandet,41,Trøndelag,1,-,0
Nøra,002.Q1Z,3a,45156.72817387,002,NA,NA,12181.2864996693,1,NA,27,11.475062580885986,62.37154311338867,104,Innlandet,45,-,0,-,0
Hitteråa,002.QAZ,3a,32983.74196579,002,NA,NA,95.9837233664093,1,NA,0.3,11.563688326869476,62.579711926329935,220,Trøndelag,33,-,0,-,0
Håelva,002.QZ,2a,58394.62014796,002,NA,NA,15076.1373639262,1,NA,25.8,11.692815396605036,62.520768406178284,221,Trøndelag,58,-,0,-,0
Vaula,002.SAZ,3a,18746.75478699,002,NA,NA,55.2323245733319,1,NA,0.3,11.998593945419268,62.647951142372655,222,Trøndelag,19,-,0,-,0
Borga,002.SZ,2a,29258.77848002,002,NA,NA,2631.01926532241,1,NA,9,12.011703095217067,62.59281012787489,223,Trøndelag,21,-,0,-,0
Hydda,002.T1Z,3a,38419.367385,002,NA,NA,1289.6771189698,1,NA,3.4,12.05043497840998,62.74373291853728,224,Trøndelag,37,-,0,-,0
Glommavassdraget,002.Z,1a,620920.23895438,002,302507.327176757,12,28386.2585041533,7,48.7,4.6,11.348460031076893,61.10982034881697,105,Innlandet,381,Trøndelag,89,Østfold,79
Krokstadelva,012.A1Z,3a,12647.22559817,012,622.058337979405,1,NA,NA,4.9,NA,9.993038800919166,59.79189396646195,24,Buskerud,13,-,0,-,0
Vestfosselva,012.AZ,2a,50202.04477641,012,1575.30474018689,1,NA,NA,3.1,NA,10.009998230058414,59.61908478895705,25,Vestfold,27,Buskerud,22,-,0
Honselva,012.B2Z,3a,24543.50143809,012,394.542068278996,1,NA,NA,1.6,NA,9.788215315500278,59.79204807750227,26,Buskerud,24,-,0,-,0
Hallingdalsvassdraget,012.CZ,2a,215119.04926647,012,NA,NA,19356.277469043,2,NA,9,9.098218531437514,60.41930591376771,27,Buskerud,214,-,0,-,0
Sokna,012.DZ,2a,74454.56365872,012,2875.89871508798,1,NA,NA,3.9,NA,9.957556007258454,60.27799459491062,28,Buskerud,71,Innlandet,3,-,0
Dokka,012.EDZ,3a,98634.67346445,012,2823.80742747802,1,NA,NA,2.9,NA,9.802970658290079,61.11591052462214,106,Innlandet,98,-,0,-,0
Randselva,012.EZ,2a,200717.02763144,012,13512.2276863435,1,2810.07247463247,1,6.7,1.4,9.947157231265068,60.76141372772497,29,Innlandet,170,Buskerud,16,Akershus,14
Væla,012.F3Z,3a,22083.76831907,012,1764.20377500698,1,NA,NA,8,NA,10.258347239597619,60.28383299842962,30,Buskerud,15,Akershus,10,-,0
Urula,012.GZ,2a,58186.84870243,012,NA,NA,2247.15713394769,1,NA,3.9,9.61274620624339,60.564943676098004,31,Buskerud,33,Innlandet,28,-,0
Tørrsjøelva,012.H1Z,3a,24051.45948683,012,NA,NA,3361.78742642417,1,NA,14,9.944293586636583,60.684468845044954,32,Innlandet,20,Buskerud,4,-,0
Buvasselva,012.H3Z,3a,21644.01395352,012,NA,NA,1304.87414916093,1,NA,6,9.843554512143992,60.70842806573589,107,Innlandet,22,-,0,-,0
Muggedøla,012.H4Z,3a,24050.63184689,012,NA,NA,610.082327672734,1,NA,2.5,9.56684726191486,60.67486591423723,108,Innlandet,24,-,0,-,0
Drammensvassdraget,012.Z,1a,309325.84593818,012,30684.9193699773,3,32197.1571213325,2,9.9,10.4,9.557383114948282,60.57648103890817,33,Innlandet,161,Buskerud,150,-,0
Hemsil,012.CDZ,3a,72092.62376293,012,10302.7630970037,1,NA,NA,14.3,NA,8.485505160345763,60.8476983884394,34,Buskerud,67,Vestland,5,-,0
Storelva,015.AZ,2a,42032.34928419,015,589.710419130308,1,NA,NA,1.4,NA,10.134266212554646,59.24803853220675,218,Vestfold,42,-,0,-,0
Haugselva,015.B3Z,3a,12037.18397099,015,4086.23683690444,1,NA,NA,33.9,NA,9.95788056777232,59.306073482641125,219,Vestfold,12,-,0,-,0
Dalelva,015.BZ,2a,21656.99769801,015,2137.26981078088,1,NA,NA,9.9,NA,9.819504491205926,59.389459476646365,35,Vestfold,20,Buskerud,1,-,0
Støleelva,015.C6Z,3a,13203.48290763,015,3910.45407757999,1,NA,NA,29.6,NA,9.756233038040001,59.51075969186774,36,Buskerud,13,-,0,-,0
Storelva,015.CZ,2a,26958.2937116,015,NA,NA,2361.91079354059,1,NA,8.8,9.539782799399898,59.598722446232244,37,Buskerud,27,-,0,-,0
Lyngdalselva,015.EZ,2a,29922.49578948,015,189.296503004775,1,NA,NA,0.6,NA,9.489840017431863,59.91341315157128,38,Buskerud,30,-,0,-,0
Høymyrelva,015.F2Z,3a,13383.52154961,015,865.67342890299,1,NA,NA,6.5,NA,9.367471454881219,59.824845591355576,39,Buskerud,13,Telemark,1,-,0
Vrengja,015.F4Z,3a,17771.32978485,015,427.177428417022,1,1098.40134279382,1,2.4,6.2,9.329279843044866,59.8360218788569,40,Buskerud,16,Telemark,1,-,0
Gjuva,015.FZ,2a,20839.94828016,015,NA,NA,566.460482174098,1,NA,2.7,9.267607736804912,59.88989108560516,41,Buskerud,19,Telemark,1,-,0
Numedalslågen,015.Z,1a,357724.17299491,015,68961.5690612727,3,13967.9409287732,3,19.3,3.9,9.067537032664584,59.90815182555744,42,Buskerud,270,Vestfold,69,Vestland,17
Bøelva,016.CZ,2a,108777.76962414,016,16809.5099968161,1,NA,NA,15.5,NA,8.698246255204067,59.537691692620314,315,Telemark,108,-,0,-,0
Skogsåi,016.EAZ,3a,44472.36361692,016,1848.01820203878,1,NA,NA,4.2,NA,8.786394944985359,59.738775460354326,316,Telemark,44,-,0,-,0
Heddøla-hjartdøla,016.EZ,2a,73446.90718385,016,27165.1980572223,1,NA,NA,37,NA,8.780216191938452,59.634300584224775,317,Telemark,73,-,0,-,0
Stigvasselva,019.C5Z,3a,9216.35691142,019,564.227723236326,1,NA,NA,6.1,NA,8.54315229561931,58.76348251692437,258,Agder,9,-,0,-,0
Stuveåna,019.C6Z,3a,18843.01347458,019,2055.16841593712,1,NA,NA,10.9,NA,8.413903159694614,58.743385556121844,259,Agder,19,-,0,-,0
Gjøv,019.CZ,2a,81029.70922275,019,1323.85214726631,1,NA,NA,1.6,NA,8.14949515243787,58.964396265649924,260,Agder,42,Telemark,39,-,0
Haugedøl,019.D2Z,3a,15009.50268129,019,337.751762040908,1,NA,NA,2.3,NA,8.462559469747308,58.86554143027408,261,Agder,15,-,0,-,0
Frostdøl,019.F2Z,3a,31769.64605601,019,NA,NA,5522.73582229,1,NA,17.4,8.311895497368306,59.174945331779114,318,Telemark,32,-,0,-,0
Arendalsvassdraget,019.Z,1a,222656.70737372,019,21492.0100423005,1,6824.63440143339,2,9.7,3.1,8.371731506934532,59.00803083642782,262,Telemark,128,Agder,94,-,0
Kjetsåna,021.B8Z,3a,15704.72629023,021,NA,NA,588.701750999894,1,NA,3.7,7.705918235779548,58.54984840437769,263,Agder,16,-,0,-,0
Dåselva,021.BZ,2a,27524.01774124,021,NA,NA,8687.42568895648,1,NA,31.6,7.6449831773461465,58.618523381689556,264,Agder,27,-,0,-,0
Nordåna til evje,021.C1Z,3a,14888.00986826,021,NA,NA,650.160508017226,1,NA,4.4,7.861865795193763,58.6314240158048,265,Agder,15,-,0,-,0
Longerakåni,021.D3Z,3a,12757.88863542,021,NA,NA,390.916305607598,1,NA,3.1,7.895935242474894,58.76883178986157,266,Agder,13,-,0,-,0
Søråni,021.D5Z,3a,22464.89035822,021,NA,NA,1065.2364670573,1,NA,4.7,7.852605898682838,58.87532312738103,267,Agder,22,-,0,-,0
Meleåni,021.D6Z,3a,12187.15067466,021,NA,NA,815.649537097278,1,NA,6.7,7.714858189172235,58.78477239839567,268,Agder,12,-,0,-,0
Skåmåni,021.D8Z,3a,17100.99196993,021,NA,NA,991.657228801634,1,NA,5.8,7.649246063408324,58.87923290093563,269,Agder,17,-,0,-,0
Hovassåni,021.DZ,2a,25047.35111576,021,NA,NA,741.927186340941,1,NA,3,7.760436805074271,58.98914351968163,270,Agder,25,-,0,-,0
Heisåni,021.E1Z,3a,19751.68318232,021,661.112107903046,1,NA,NA,3.3,NA,7.698732493487789,59.03594443746704,271,Agder,20,-,0,-,0
Otra,021.Z,1a,249817.76496113,021,15631.2491370173,1,46843.5160886145,1,6.3,18.8,7.648056790831381,58.93558415624592,272,Agder,240,Telemark,8,-,0
Orreåna,028.4Z,2a,26528.92242453,028,NA,NA,7983.0266817931,1,NA,30.1,5.677593850723825,58.75562025598379,137,Rogaland,26,-,0,-,0
Figgjo,028.Z,1a,45308.26300133,028,NA,NA,1801.95606101955,1,NA,4,5.817414054079124,58.76012145916855,138,Rogaland,45,-,0,-,0
Skorva,073.A1Z,3a,16210.78981318,073,687.95185258834,1,NA,NA,4.2,NA,7.5234504321368725,60.99584656529124,217,Vestland,16,-,0,-,0
Nivla,073.AZ,2a,30880.59582746,073,1904.17902002767,1,NA,NA,6.2,NA,7.705812201958816,60.94133152637066,43,Vestland,28,Buskerud,3,-,0
Lærdalsvassdraget,073.Z,1a,81115.86563773,073,14886.5704010503,1,NA,NA,18.4,NA,7.8689948150266185,61.09446973451869,109,Vestland,63,Innlandet,18,-,0
Glutra,103.4AZ,3a,21247.14362285,103,10513.8375893247,1,NA,NA,49.5,NA,7.930660808333831,62.521584210308866,305,Møre og Romsdal,21,-,0,-,0
Isavassdraget,103.4Z,2a,24883.13548877,103,14555.8261706329,1,NA,NA,58.5,NA,7.94555331937087,62.56870976057917,306,Møre og Romsdal,25,-,0,-,0
Istra,103.A1Z,3a,25437.54605273,103,10214.776988474,1,NA,NA,40.2,NA,7.684493776965779,62.483806618222125,307,Møre og Romsdal,25,-,0,-,0
Mongebekken,103.A2Z,3a,8867.194504,103,482.89783161992,1,NA,NA,5.4,NA,7.880941531660464,62.46395115669379,308,Møre og Romsdal,9,-,0,-,0
Rangåa,103.A4Z,3a,4822.10755765,103,250.454409555857,1,NA,NA,5.2,NA,7.9667023311910246,62.44845375482152,309,Møre og Romsdal,5,-,0,-,0
Rauma,103.Z,1a,74053.28636382,103,37436.6579666359,2,5149.30370249567,1,50.6,7,8.020765217688345,62.3711087258644,110,Møre og Romsdal,51,Innlandet,24,-,0
Kvidalselva,104.3AZ,3a,5037.22889783,104,248.918084894367,1,NA,NA,4.9,NA,8.183452599298072,62.65751860678159,310,Møre og Romsdal,5,-,0,-,0
Kvanndalselva,104.3Z,2a,12198.82392752,104,3614.61519202383,1,NA,NA,29.6,NA,8.208268241028705,62.673845154630456,311,Møre og Romsdal,12,-,0,-,0
Eira,104.Z,1a,87214.68439249,104,8048.55807216009,1,NA,NA,9.2,NA,8.417019633614874,62.42971161869802,111,Møre og Romsdal,60,Innlandet,27,-,0
Litledalselva,109.5Z,2a,45380.15793533,109,8232.82502522121,1,NA,NA,18.1,NA,8.553866785051344,62.521143255346615,312,Møre og Romsdal,45,-,0,-,0
Grøa,109.AZ,2a,21980.97114919,109,844.662267587879,1,NA,NA,3.8,NA,8.806581735119508,62.595285356160275,313,Møre og Romsdal,22,-,0,-,0
Driva,109.Z,1a,139629.46653335,109,12282.5109768299,1,NA,NA,8.8,NA,9.302059860909427,62.49824874975718,112,Trøndelag,73,Møre og Romsdal,46,Innlandet,22
Vinddølelva,112.AZ,2a,37541.89090631,112,1840.07595433849,1,NA,NA,4.9,NA,9.013348012748578,62.88319303040805,314,Møre og Romsdal,37,-,0,-,0
Folla,112.BZ,2a,49075.60541432,112,792.77715400712,1,NA,NA,1.6,NA,9.162014322985536,62.873931998580275,225,Møre og Romsdal,39,Trøndelag,10,-,0
Gryta,112.C4Z,3a,8723.24251944,112,682.768393171571,1,NA,NA,7.8,NA,9.125550915682826,63.06271932107189,226,Trøndelag,6,Møre og Romsdal,2,-,0
Rinda,112.CZ,2a,34272.10164466,112,2202.25286629874,1,NA,NA,6.4,NA,9.352244651807752,62.97061769480216,227,Trøndelag,34,-,0,-,0
Trøkna,112.D4Z,3a,6882.79308289,112,232.223919898039,1,NA,NA,3.4,NA,9.19260360452359,63.11295754003189,228,Trøndelag,7,-,0,-,0
Surna,112.Z,1a,68719.48526015,112,45479.1526573559,1,NA,NA,66.2,NA,9.124586850567262,63.06249394755034,229,Trøndelag,37,Møre og Romsdal,30,-,0
Skjenaldelva,121.1Z,2a,29059.47632187,121,5914.74060185596,1,NA,NA,20.4,NA,9.631821206540867,63.2649228790798,230,Trøndelag,29,-,0,-,0
elv fra Siken,121.A1Z,3a,14465.238186,121,2810.26781819731,1,NA,NA,19.4,NA,9.711536693154624,63.241824706085616,231,Trøndelag,14,-,0,-,0
Vorma,121.A3Z,3a,24122.6133758,121,3771.0646668063,1,NA,NA,15.6,NA,9.619938734919817,63.178128868443466,232,Trøndelag,24,-,0,-,0
Svorka,121.AZ,2a,45910.71226069,121,732.242947826517,1,NA,NA,1.6,NA,9.888320466961359,63.06272089671065,233,Trøndelag,46,-,0,-,0
Åsskjerva,121.B1Z,3a,11965.97132717,121,6727.02353957803,1,NA,NA,56.2,NA,9.520081397019151,63.08856347527992,234,Trøndelag,12,-,0,-,0
Skardåa,121.B2Z,3a,14868.32625377,121,1794.05995301435,1,NA,NA,12.1,NA,9.72551354118647,63.11311558305876,235,Trøndelag,15,-,0,-,0
Sverja,121.E8Z,3a,16402.22687668,121,NA,NA,185.662250380186,1,NA,1.1,10.32867772412359,62.621921621413286,113,Innlandet,16,-,0,-,0
Ya,121.EZ,2a,38325.77876703,121,NA,NA,1623.42289471901,1,NA,4.2,10.56461466181664,62.602620518734575,114,Innlandet,34,Trøndelag,4,-,0
Orkla,121.Z,1a,184763.99419311,121,50335.6412791332,2,13337.1008720952,1,27.2,7.2,9.970961971058458,62.789224280665614,115,Trøndelag,129,Innlandet,55,-,0
bekk fra Varmbu,122.A1Z,3a,4502.99195616,122,1036.72094021328,1,NA,NA,23,NA,10.243131811856022,63.28693395162671,236,Trøndelag,4,-,0,-,0
Langbekken,122.A2Z,3a,10842.47707824,122,537.400227703949,1,NA,NA,5,NA,10.323292712422642,63.29389319596239,237,Trøndelag,11,-,0,-,0
Loa,122.A3Z,3a,14058.570562,122,263.901726347957,1,NA,NA,1.9,NA,10.208969129792978,63.169758123808435,238,Trøndelag,14,-,0,-,0
Kaldvella,122.A4Z,3a,12889.30042639,122,1084.41352403465,1,NA,NA,8.4,NA,10.377677683315541,63.20017045129959,239,Trøndelag,13,-,0,-,0
Lundesokna,122.AZ,2a,41096.68409869,122,2840.23579224107,1,NA,NA,6.9,NA,10.541484730010227,63.102747311536696,240,Trøndelag,41,-,0,-,0
Lynga,122.B2Z,3a,3280.70402985,122,1356.83225433786,1,NA,NA,41.4,NA,10.269467132772627,63.13328561268159,241,Trøndelag,3,-,0,-,0
Rea,122.B4Z,3a,11806.81354935,122,85.044741998999,1,NA,NA,0.7,NA,10.348802935581636,63.07443440269887,242,Trøndelag,12,-,0,-,0
Sokna,122.BZ,2a,52251.70621027,122,5982.85212294904,1,NA,NA,11.5,NA,10.232161097537361,62.86188613584221,116,Trøndelag,51,Innlandet,1,-,0
Gaula,122.Z,1a,152869.86355776,122,39825.5659230498,2,NA,NA,26.1,NA,10.814645240279297,62.997539743545595,243,Trøndelag,152,-,0,-,0
Mølnåa,123.C2Z,3a,12401.46829033,123,300.650860942347,1,NA,NA,2.4,NA,11.212922760462872,63.21792980445961,244,Trøndelag,12,-,0,-,0
Rotla,123.CZ,2a,40778.26962332,123,767.118362799049,1,NA,NA,1.9,NA,11.437285645786227,63.198327136760184,245,Trøndelag,41,-,0,-,0
Nidelvvassdraget,123.Z,1a,176431.87385132,123,16967.1555496483,1,NA,NA,9.6,NA,11.294546747614282,63.13085497229063,246,Trøndelag,151,-,0,-,0
Leksa,124.A1Z,3a,29895.73577201,124,77.1085069326246,1,NA,NA,0.3,NA,11.042047775750296,63.38702082979155,247,Trøndelag,30,-,0,-,0
Gråelva,124.A2Z,3a,16476.94085076,124,1135.21002807114,1,NA,NA,6.9,NA,11.105098936040639,63.50249630242516,248,Trøndelag,16,-,0,-,0
Forra,124.AZ,2a,70144.07294794,124,2753.25593868926,1,NA,NA,3.9,NA,11.598183822492944,63.53869925527769,249,Trøndelag,70,-,0,-,0
Stjørdalsvassdraget,124.Z,1a,83534.88954758,124,18198.4628386036,1,NA,NA,21.8,NA,11.547712898942576,63.419735879985446,250,Trøndelag,76,-,0,-,0
Rinnelva,126.7Z,2a,20175.93,126,2928.67684571687,1,NA,NA,14.5,NA,11.50722650472827,63.73644285911508,251,Trøndelag,19,-,0,-,0
Verdalsvassdraget,127.Z,1a,94114.82149635,127,4653.29399316696,1,NA,NA,4.9,NA,12.091888365307826,63.81301507766286,252,Trøndelag,75,-,0,-,0
Jørstadelva,128.CZ,2a,43516.02,128,11996.932845543,1,NA,NA,27.6,NA,12.346387781019258,64.15273110830114,253,Trøndelag,43,-,0,-,0
Horka,139.A3Z,3a,12224.44834037,139,11.6947060150659,1,NA,NA,0.1,NA,11.74156648812242,64.41336062081074,254,Trøndelag,12,-,0,-,0
Reina,139.A8Z,3a,20434.15975831,139,3976.57323155118,1,NA,NA,19.5,NA,11.947882387601421,64.52906111828351,255,Trøndelag,20,-,0,-,0
Bjøra,139.AZ,2a,67525.41197443,139,15655.9167575924,1,NA,NA,23.2,NA,12.214525500877468,64.63418689670979,256,Trøndelag,67,-,0,-,0
Namsen,139.Z,1a,230022.11209301,139,14979.7707321719,2,NA,NA,6.5,NA,12.899978785035879,64.80026234113689,257,Trøndelag,201,Nordland,29,-,0
Gluggvasselva,151.BZ,2a,34716.93845211,151,1469.55722953117,1,NA,NA,4.2,NA,13.504949425916136,65.63398387359705,273,Nordland,35,-,0,-,0
Stavvasselva,151.CAZ,3a,17659.33711732,151,57.3766539705704,1,NA,NA,0.3,NA,13.270982657274153,65.47020768001411,274,Nordland,18,-,0,-,0
Svenningdalselva,151.CZ,2a,61832.44640973,151,3573.75423039645,1,NA,NA,5.8,NA,13.366988097512706,65.31263171153668,275,Nordland,62,-,0,-,0
Mjølkelva,151.H1Z,3a,17312.59356294,151,697.058071374905,1,NA,NA,4,NA,13.897520131885168,65.33933480579542,276,Nordland,17,-,0,-,0
Litle susna,151.H3Z,3a,16566.37937969,151,567.628010008283,1,NA,NA,3.4,NA,13.968617651656276,65.32690789561177,277,Nordland,17,-,0,-,0
Vefsna,151.Z,1a,166151.79928713,151,26765.3787090294,2,NA,NA,16.1,NA,13.797974696969213,65.48032538961722,278,Nordland,166,-,0,-,0
Bjerka,155.4Z,2a,48233.76527304,155,833.779978584371,1,NA,NA,1.7,NA,14.177264306754926,66.10033590492652,279,Nordland,48,-,0,-,0
Røssåga,155.Z,1a,99557.97311528,155,4735.34065717719,1,NA,NA,4.8,NA,14.056802990291375,65.89276706955587,280,Nordland,90,-,0,-,0
Tverråga,156.AZ,2a,47568.91827903,156,4548.00298249324,1,NA,NA,9.6,NA,14.486620073421781,66.25787965091337,281,Nordland,47,-,0,-,0
Raudvassåga,156.CAZ,3a,28342.93156363,156,2016.42088490038,1,NA,NA,7.1,NA,14.366035513917412,66.46732961884855,282,Nordland,28,-,0,-,0
Trolldalselva,156.CCZ,3a,13700.60363271,156,1437.20744236005,1,NA,NA,10.5,NA,13.765983501620337,66.41725907172174,283,Nordland,14,-,0,-,0
Langvassåga,156.CZ,2a,67441.12011805,156,15819.211016682,2,NA,NA,23.5,NA,14.025053795592976,66.48603055448056,284,Nordland,67,-,0,-,0
Ranavassdraget,156.Z,1a,97570.82028418,156,11837.7657015817,2,NA,NA,12.1,NA,14.825558391152937,66.44069025523596,285,Nordland,97,-,0,-,0
Arstadåga,161.AZ,2a,28718.95549084,161,540.675740802649,1,NA,NA,1.9,NA,14.418015800126758,66.9389779890133,286,Nordland,29,-,0,-,0
Eiteråga,161.B1Z,3a,12925.70573526,161,1109.10215141034,1,NA,NA,8.6,NA,14.661316121918967,66.96180616829979,287,Nordland,13,-,0,-,0
Store gjeddåga,161.BZ,2a,14645.17594586,161,1328.9864354882,1,NA,NA,9.1,NA,14.907383113756033,66.93171780085018,288,Nordland,15,-,0,-,0
Tollåga,161.CZ,2a,51523.83598684,161,2151.10925956013,1,NA,NA,4.2,NA,14.861621024345634,66.7826893896526,289,Nordland,51,-,0,-,0
Beiarelva,161.Z,1a,63440.24142516,161,26311.3558361704,2,NA,NA,41.5,NA,14.65334390541369,66.87596538498009,290,Nordland,63,-,0,-,0
Ytre tverrelva,163.A1Z,3a,21373.83,163,3827.92756706393,1,NA,NA,17.9,NA,15.258496069524307,67.01855912271719,291,Nordland,21,-,0,-,0
Vasselva,163.AAZ,3a,20416.35,163,904.74981827976,1,NA,NA,4.4,NA,15.525125902174853,66.9706347863186,292,Nordland,20,-,0,-,0
Eveneselva,163.AZ,2a,32812.08,163,7181.95948932643,1,NA,NA,21.9,NA,15.537294406451464,66.92531781766704,293,Nordland,33,-,0,-,0
Russåga,163.BZ,2a,31581.18,163,468.022020467275,1,NA,NA,1.5,NA,15.107973621378271,66.90570455699132,294,Nordland,31,-,0,-,0
Junkerdalselva,163.CZ,2a,41949.05,163,1354.81403629663,1,NA,NA,3.2,NA,15.703000530091407,66.74982951129336,295,Nordland,27,-,0,-,0
Kjemåga,163.D1Z,3a,16953.12,163,238.320662677197,1,NA,NA,1.4,NA,15.357935301369437,66.7567797242223,296,Nordland,17,-,0,-,0
Dypenåga,163.DZ,2a,17333.33,163,NA,NA,1653.23408998532,1,NA,9.5,15.59736342697085,66.67264659767187,297,Nordland,14,-,0,-,0
Sørelva,163.E1Z,3a,14001.26,163,NA,NA,226.576784944077,1,NA,1.6,15.35605629098177,66.71031603342186,298,Nordland,14,-,0,-,0
Saltdalsvassdraget,163.Z,1a,78981.42,163,40006.0168415855,2,1338.81772189484,1,50.7,1.7,15.378956198784564,66.8136011555411,299,Nordland,79,-,0,-,0
Nordelva,173.AZ,2a,52089.04212052,173,1766.19431477391,1,NA,NA,3.4,NA,17.87345095907474,68.20798712924727,300,Nordland,52,-,0,-,0
elv fra Rundtindvatnet,173.B1Z,3a,8598.57612683,173,578.394187629132,1,NA,NA,6.7,NA,17.48371142824968,68.15621790185224,301,Nordland,9,-,0,-,0
Skjomavassdraget,173.Z,1a,70789.17905911,173,18124.2912356957,1,NA,NA,25.6,NA,17.74272939754877,68.08358835152802,302,Nordland,51,-,0,-,0
Bjelma,196.A1Z,3a,16237.52744702,196,5134.07607821039,1,NA,NA,31.6,NA,18.417610173028265,69.24364073273622,1,Troms,16,-,0,-,0
Mortenelva,196.A3Z,3a,18090.66955571,196,10702.4685904336,1,NA,NA,59.2,NA,18.46527141020792,69.16798385005615,2,Troms,18,-,0,-,0
Takelva,196.A4Z,3a,37611.32846676,196,2783.36423737038,1,NA,NA,7.4,NA,18.826312949008283,69.13257588166604,3,Troms,37,-,0,-,0
Andselva,196.A5Z,3a,21389.16811244,196,2597.83218170118,1,NA,NA,12.1,NA,18.39205500132947,69.08784526625178,4,Troms,21,-,0,-,0
Skoelva,196.AAZ,3a,21711.32541663,196,650.117436769058,1,NA,NA,3,NA,18.311811100883045,68.97149669356693,5,Troms,22,-,0,-,0
Sørdalselva,196.ABZ,3a,36599.55913897,196,6076.38809982631,1,NA,NA,16.6,NA,18.56806355139722,68.65054117241264,6,Troms,36,-,0,-,0
Barduelva,196.AZ,2a,169648.29731551,196,43381.4302190398,3,1914.41481033807,1,25.6,1.1,19.028170478018623,68.66401737097435,7,Troms,154,-,0,-,0
Kjervelva,196.B1Z,3a,21356.00781845,196,2368.68225674052,1,NA,NA,11.1,NA,18.708963897453668,68.9589989345433,8,Troms,21,-,0,-,0
Kirkeselva,196.BZ,2a,44190.47573425,196,7251.39377142389,1,NA,NA,16.4,NA,19.00290626032695,68.88253124813113,9,Troms,44,-,0,-,0
Fjellfrøselva,196.CZ,2a,27768.96349638,196,2913.35797301463,1,3690.04525621325,1,10.5,13.3,19.359890249797395,69.08370497201777,10,Troms,28,-,0,-,0
Divielva,196.DZ,2a,66216.92974201,196,1486.64238252497,1,NA,NA,2.2,NA,19.691416341338087,68.76622624780157,11,Troms,66,-,0,-,0
Tamokelva,196.EZ,2a,32929.23641907,196,1144.19030378507,1,NA,NA,3.5,NA,19.64781120500887,69.07980015456235,12,Troms,33,-,0,-,0
Målselvvassdraget,196.Z,1a,139622.59749494,196,70763.9610704849,3,NA,NA,50.7,NA,19.25795315211941,69.0168750379813,13,Troms,138,-,0,-,0
Olderelva,205.A2Z,3a,11175.54578002,205,1808.11779453119,1,NA,NA,16.2,NA,20.383827718677566,69.37632499019318,14,Troms,11,-,0,-,0
Skibotnvassdraget,205.Z,1a,73774.62317236,205,9630.88558057555,1,NA,NA,13.1,NA,20.69364036079453,69.19413383514379,15,Troms,73,-,0,-,0
Kildalelva,208.AZ,2a,39325.49221509,208,3143.52594004452,1,NA,NA,8,NA,21.08259998190278,69.62507051066859,16,Troms,39,-,0,-,0
Dorriselva,208.B4Z,3a,18224.54142796,208,1354.9460133537,1,NA,NA,7.4,NA,21.45961123845837,69.63635487003869,17,Troms,18,-,0,-,0
Joselva,208.B5Z,3a,13978.39144446,208,2865.63612814209,1,1505.7498312483,1,20.5,10.8,21.20035256236575,69.54751291948101,18,Troms,14,-,0,-,0
Vankaelva,208.B6Z,3a,12612.66944009,208,2094.95978003458,1,NA,NA,16.6,NA,21.437474477121157,69.61056540764604,19,Troms,13,-,0,-,0
Gapperusjåkka,208.B7Z,3a,14012.31530831,208,682.995127958267,1,NA,NA,4.9,NA,21.25369588641332,69.50688711905683,20,Troms,14,-,0,-,0
Cavcasgårsa,208.B8Z,3a,11735.30461871,208,1252.36979737852,1,NA,NA,10.7,NA,21.4386519454607,69.55753839356771,21,Troms,12,-,0,-,0
Puntaelva,208.BZ,2a,30615.47754716,208,306.220284464821,1,NA,NA,1,NA,21.363328589793337,69.41218390041905,22,Troms,30,-,0,-,0
Reisavassdraget,208.Z,1a,128942.781727,208,43957.3208054527,3,95.2638517035983,1,34.1,0.1,21.72138421018928,69.4301414618155,23,Troms,128,-,0,-,0
Tverrelva,212.6Z,2a,45220.61481444,212,1968.21759573762,1,NA,NA,4.4,NA,23.655790398918178,69.88100314119865,139,Finnmark,45,-,0,-,0
Transfarelva,212.7Z,2a,42771.33170634,212,7436.26784031535,1,NA,NA,17.4,NA,23.800968656245164,69.96520980739726,140,Finnmark,43,-,0,-,0
Garrajåkka,212.AAZ,3a,31006.71701449,212,2451.29778979871,1,NA,NA,7.9,NA,22.95110992560366,69.75132149702806,141,Finnmark,31,-,0,-,0
Eibyelva,212.AZ,2a,68799.942368860007,212,15773.4357657681,1,NA,NA,22.9,NA,23.40663843994396,69.67045434820244,142,Finnmark,68,-,0,-,0
Mazejåkka,212.EZ,2a,84564.45597907,212,NA,NA,3379.67179470863,1,NA,4,23.196801170762285,69.44708004990889,143,Finnmark,84,-,0,-,0
Fidnajåkka,212.F1Z,3a,20648.13463462,212,NA,NA,846.679985092235,1,NA,4.1,23.467125916232575,69.2731329096853,144,Finnmark,21,-,0,-,0
Lappujåkka,212.FZ,2a,36092.0490871,212,NA,NA,6229.58905812728,1,NA,17.3,23.773848396632157,69.28528885239861,145,Finnmark,36,-,0,-,0
Riiga'jåkka,212.G1Z,3a,13315.8540667,212,NA,NA,4465.1092899967,1,NA,33.5,23.50497971198716,69.21672501081927,146,Finnmark,13,-,0,-,0
Roavutjåkka,212.G5Z,3a,24176.11287705,212,NA,NA,1213.92876210335,1,NA,5,23.21792474388376,69.19810258116905,147,Finnmark,24,-,0,-,0
Mierujåkka,212.G7Z,3a,21861.69791707,212,NA,NA,944.840449191871,1,NA,4.3,23.160835957314145,69.17401316874817,148,Finnmark,22,-,0,-,0
Av'zejåkka,212.G8Z,3a,51936.93660996,212,NA,NA,5192.49120596625,1,NA,10,23.42369591162713,68.91865961319542,149,Finnmark,52,-,0,-,0
Maddjetjåkka,212.GAZ,3a,28390.76985604,212,NA,NA,209.789764170581,1,NA,0.7,23.09441786897398,69.14983377722267,150,Finnmark,28,-,0,-,0
Cabardasjåkka,212.GZ,2a,101520.3619484,212,NA,NA,2403.71482946793,1,NA,2.4,22.82069117919017,69.28006745067391,151,Finnmark,101,-,0,-,0
Suoppatjohka,212.HZ,2a,84906.77429508,212,NA,NA,3457.20466155026,1,NA,4.1,23.380567390361815,68.81499504489204,152,Finnmark,85,-,0,-,0
Adjetjohka,212.J1Z,3a,17170.57789153,212,NA,NA,3887.73823644315,1,NA,22.6,22.85649761192755,68.96322611662674,153,Finnmark,17,-,0,-,0
Geatkejohka,212.J2Z,3a,7023.4187316,212,NA,NA,885.328715772354,1,NA,12.6,22.93918163078519,68.9270286881118,154,Finnmark,7,-,0,-,0
Roggejohka,212.JZ,2a,29934.42864124,212,NA,NA,4858.53079099427,1,NA,16.2,22.911473819183453,68.80516422057408,155,Finnmark,30,-,0,-,0
Favrusjåkka,212.K2Z,3a,23789.66039409,212,NA,NA,112.397580322611,1,NA,0.5,22.759192793781505,68.78778132641754,156,Finnmark,22,-,0,-,0
Bizejåkka,212.K4Z,3a,27522.08183577,212,NA,NA,131.244896385565,1,NA,0.5,22.61487870210518,68.79644749911571,157,Finnmark,27,-,0,-,0
Lup'pujåkka,212.KZ,2a,16078.94451425,212,NA,NA,1638.88741180618,1,NA,10.2,22.501041260925707,68.91983008553208,158,Finnmark,16,-,0,-,0
Balgesjåkka,212.L2Z,3a,16855.63180023,212,NA,NA,396.102348994232,1,NA,2.3,22.48235919212861,68.79220617176458,159,Finnmark,16,-,0,-,0
Altavassdraget,212.Z,1a,242033.12975734,212,22511.7475330275,1,74486.345286105,6,9.3,30.8,23.15451542015649,69.28981091310669,160,Finnmark,241,-,0,-,0
Madarjåkka,223.A1Z,3a,19716.51237513,223,3009.44473199475,1,NA,NA,15.3,NA,24.703658974907874,70.17362009948693,161,Finnmark,20,-,0,-,0
Dil'ljåkka,223.AZ,2a,23942.12406217,223,2209.23672243579,1,112.913380715948,1,9.2,0.5,24.673598999395505,70.06750856204296,162,Finnmark,24,-,0,-,0
Stabburselva,223.Z,1a,95413.02131727,223,11871.842514968,1,NA,NA,12.4,NA,24.366881203252543,69.99831496251747,163,Finnmark,95,-,0,-,0
Brennelva,224.2Z,2a,35380.93,224,4218.18831199294,1,NA,NA,11.9,NA,25.215952162017423,69.97561069231283,164,Finnmark,35,-,0,-,0
Vuoddujåkka,224.AZ,2a,25881.83,224,NA,NA,238.960878977957,1,NA,0.9,24.744235821309125,69.96541236269864,165,Finnmark,26,-,0,-,0
Vuolajåkka,224.CZ,2a,39313.63,224,NA,NA,4734.73273456117,1,NA,12,24.770708114456657,69.8366731323771,166,Finnmark,39,-,0,-,0
Lakselvvassdraget,224.Z,1a,103076.26,224,16023.7290271813,1,6871.31626583219,1,15.5,6.7,25.245192722061603,69.90830656844429,167,Finnmark,103,-,0,-,0
Tverrelva,225.A1Z,3a,22344.8,225,1677.44719197543,1,NA,NA,7.5,NA,25.63477318405689,70.24456834465018,168,Finnmark,22,-,0,-,0
Silfarjåkka,225.A3Z,3a,15957.39,225,1245.91545191441,1,1456.93248818473,1,7.8,9.1,25.68996752210324,70.30220935652517,169,Finnmark,16,-,0,-,0
Ai'legasjåkka,225.A6Z,3a,16737.6,225,1490.7829349933,1,4831.30230953326,1,8.9,28.9,25.761877313913036,70.41498783707682,170,Finnmark,17,-,0,-,0
Sied'gajåkka,225.AAZ,3a,9377.87,225,NA,NA,1527.32367015605,1,NA,16.3,26.006763923288236,70.44237267127276,171,Finnmark,9,-,0,-,0
Viek'sajåkka,225.AZ,2a,39276.35,225,NA,NA,8638.52590396674,2,NA,22,25.919072187712956,70.43404388250902,172,Finnmark,39,-,0,-,0
Børselvvassdraget,225.Z,1a,74480.43,225,12497.0863846166,1,290.932931656478,1,16.8,0.4,25.760675377294806,70.19441136234539,173,Finnmark,74,-,0,-,0
Ivvangådiidjåkka,226.2Z,2a,12428.93769955,226,NA,NA,3271.24664868795,2,NA,26.3,25.829990969078523,70.49287534655531,174,Finnmark,12,-,0,-,0
Dållajåkka,229.DZ,2a,20974.25531294,229,NA,NA,2302.42151311209,1,NA,11,27.095327415925667,70.30357286168153,175,Finnmark,21,-,0,-,0
Gaisavuolesjåkka,229.AAZ,3a,29752.64703226,229,NA,NA,21299.1976234438,1,NA,71.6,26.786321986771426,70.1710283588725,176,Finnmark,30,-,0,-,0
Adamselvvassdraget,229.Z,1a,64664.17306038,229,NA,NA,5475.03069706438,1,NA,8.5,27.018597396373018,70.29385896214869,177,Finnmark,64,-,0,-,0
Hanajåkka,234.5AZ,3a,20435.68045577,234,11912.7841853523,1,NA,NA,58.3,NA,28.468465708112014,70.38141383848291,178,Finnmark,20,-,0,-,0
Basavzejåkka,234.5BZ,3a,20682.09812665,234,515.036206683601,1,NA,NA,2.5,NA,28.66793052975205,70.3671146083207,179,Finnmark,21,-,0,-,0
Julelva,234.5Z,2a,39140.15790062,234,7284.05331612172,1,NA,NA,18.6,NA,28.80743781235201,70.45678522951088,180,Finnmark,39,-,0,-,0
Cammajåkka,234.6Z,2a,15868.05622585,234,773.123570524748,1,NA,NA,4.9,NA,28.647586131765614,70.48637561643675,181,Finnmark,16,-,0,-,0
Har'rejåkka,234.A2Z,3a,18811.96617957,234,4698.8312773298,1,NA,NA,25,NA,28.32364062877455,70.41902496340101,182,Finnmark,19,-,0,-,0
Gålgutjåkka,234.A3Z,3a,28521.3160246,234,9407.1624216351,1,NA,NA,33,NA,28.055322905673496,70.32174031158185,183,Finnmark,28,-,0,-,0
Cii'kujåkka,234.AAZ,3a,36447.55324934,234,NA,NA,16166.3264895171,1,NA,44.4,27.670186038929675,70.15799548899915,184,Finnmark,36,-,0,-,0
Uv'jaladnja,234.ABZ,3a,35239.84351253,234,NA,NA,3518.03192469617,1,NA,10,27.601388728429292,70.23639484084241,185,Finnmark,35,-,0,-,0
Maskejåkka,234.AZ,2a,65303.28286475,234,16787.068935055,1,10849.9985754814,1,25.7,16.6,27.84362223110996,70.27140116678757,186,Finnmark,65,-,0,-,0
Luovtejåkka,234.B2Z,3a,51199.15815272,234,8540.52139202771,1,NA,NA,16.7,NA,28.472480112553292,70.24722083369426,187,Finnmark,51,-,0,-,0
Lismajåkka,234.B3Z,3a,14196.35893737,234,4125.21534111073,1,1413.87091971493,1,29.1,10,28.08429971496443,70.14216447982561,188,Finnmark,14,-,0,-,0
Ruossajåkka,234.B4Z,3a,20656.93693338,234,3052.4233165694,1,NA,NA,14.8,NA,28.252380924293533,70.1039927338506,189,Finnmark,21,-,0,-,0
Buol'bmatjåkka,234.BZ,2a,70006.9943721,234,9472.04470818477,1,NA,NA,13.5,NA,27.976559017932924,69.86025442539702,190,Finnmark,12,-,0,-,0
Garpejåkka,234.CAZ,3a,17640.455567600002,234,NA,NA,1552.77370476169,1,NA,8.8,27.354795679929698,70.17751772465482,191,Finnmark,18,-,0,-,0
Dævkehanjåkka,234.CBZ,3a,32820.67565804,234,NA,NA,10308.1538335676,2,NA,31.4,27.096965909846343,70.09079539176842,192,Finnmark,33,-,0,-,0
Bittusjåkka,234.CCZ,3a,21569.98634897,234,NA,NA,13576.6511381848,1,NA,62.9,27.096990397202358,70.12537890243014,193,Finnmark,21,-,0,-,0
Lak'sjåkka,234.CZ,2a,49878.54512494,234,NA,NA,10480.3456408489,2,NA,21,27.322144692492095,70.17260937446812,194,Finnmark,50,-,0,-,0
Gal'bajåkka,234.D1Z,3a,18381.14017958,234,NA,NA,9992.28332222466,1,NA,54.4,27.221999651527195,70.02307621675018,195,Finnmark,18,-,0,-,0
Levsejåkka,234.E1Z,3a,20258.67169658,234,NA,NA,2294.04421864236,1,NA,11.3,27.031709959886562,69.98177845531859,196,Finnmark,20,-,0,-,0
Bår'sejåkka,234.F1Z,3a,31362.75784669,234,NA,NA,389.081658676444,1,NA,1.2,26.534847782653777,70.02366171209736,197,Finnmark,31,-,0,-,0
Lævvajåkka,234.F3Z,3a,35944.64542003,234,NA,NA,1594.25411155362,1,NA,4.4,26.105643440043487,69.91093036345016,198,Finnmark,36,-,0,-,0
Gæimejåkka,234.GAZ,3a,48193.87656204,234,1665.67618357987,1,NA,NA,3.5,NA,25.067032708502225,69.54598333947993,199,Finnmark,48,-,0,-,0
Iesjåkka,234.GBZ,3a,130493.38754413,234,NA,NA,23506.8293084193,1,NA,18,24.48258014481458,69.5487501361118,200,Finnmark,130,-,0,-,0
Nieidajåkka,234.GFZ,3a,28162.67413783,234,NA,NA,11162.4384459996,1,NA,39.6,24.15290189306898,68.8873477468437,201,Finnmark,28,-,0,-,0
Karasjåkka,234.GZ,2a,172583.69634106,234,30329.6840066772,1,21069.2072295631,2,17.6,12.2,24.73944171238289,69.16212947456421,202,Finnmark,168,-,0,-,0
Gamehisjåkka,234.H1Z,3a,17744.76126828,234,434.124923534164,1,NA,NA,2.4,NA,25.652113773287407,69.38181045281088,203,Finnmark,18,-,0,-,0
Cas'kinjåkka,234.J3Z,3a,31594.98218092,234,NA,NA,2020.598053936,1,NA,6.4,25.448897244308323,68.9602459758808,204,Finnmark,30,-,0,-,0
Njuolasjåkka,234.JAZ,3a,29187.89739588,234,NA,NA,5032.044861299,1,NA,17.2,24.93567325178029,68.63439954218335,205,Finnmark,28,-,0,-,0
Skieccanjåkka,234.JZ,2a,58182.21489393,234,NA,NA,2847.23953208557,1,NA,4.9,25.135222286124215,68.70522586148364,206,Finnmark,26,-,0,-,0
Hævvujåkka,234.KZ,2a,18440.6383786,234,NA,NA,2504.86940579324,1,NA,13.6,24.89506985734683,68.69250054446965,207,Finnmark,18,-,0,-,0
Tana,234.Z,1a,368827.10571317,234,62948.3450573649,4,19616.2297217022,3,17.1,5.3,26.322701341829397,69.55542077428842,208,Finnmark,244,-,0,-,0
Hammarneselva,241.2Z,2a,16640.12744328,241,1571.04811594615,1,NA,NA,9.4,NA,29.047611320671606,70.16695563298077,209,Finnmark,17,-,0,-,0
Nyborgelva,241.4Z,2a,13753.64354425,241,1749.09033044241,1,NA,NA,12.7,NA,28.464323310693175,70.17797356297524,210,Finnmark,14,-,0,-,0
Vesterelva,241.5Z,2a,46807.5095952,241,9963.5674475438,1,8457.50685469022,1,21.3,18.1,28.427790443124426,70.05689449722324,211,Finnmark,47,-,0,-,0
Bergebyelva,241.Z,1a,38248.39229391,241,867.973633067009,1,NA,NA,2.3,NA,29.0725929730418,70.26300291193188,212,Finnmark,38,-,0,-,0
Neidenvassdraget,244.Z,1a,149226.05686731,244,NA,NA,22194.0555537634,1,NA,14.9,28.312221653223965,69.58255603940589,213,Finnmark,27,-,0,-,0
Sametielva,246.CZ,2a,42643.58921104,246,NA,NA,4613.34665970749,1,NA,10.8,29.726886029477416,69.49204746414495,214,Finnmark,42,-,0,-,0
Skjellbekken,246.E3Z,3a,22309.75432284,246,NA,NA,3979.63344656837,1,NA,17.8,29.436343695138234,69.37407754443215,215,Finnmark,22,-,0,-,0
Pasvikelva,246.Z,1a,385333.78149348,246,NA,NA,4705.40901443036,1,NA,1.2,27.656821399699336,68.82120143446109,216,Finnmark,50,-,0,-,0
Tangåa,310.1BZ,3a,29663.13856115,310,NA,NA,263.879188599911,1,NA,0.9,12.808434991456785,61.44903856244704,117,Innlandet,7,-,0,-,0
Drevja,310.1DZ,3a,45316.52333301,310,NA,NA,3953.1397426892,1,NA,8.7,12.411353389028253,61.51515752480304,118,Innlandet,36,-,0,-,0
Bergåa,310.1EZ,3a,20457.84525794,310,NA,NA,1388.58138139507,1,NA,6.8,12.621654650780231,61.52826413458758,119,Innlandet,11,-,0,-,0
Västerdalälven-Ljøra,310.1Z,2a,91217.64965573,310,NA,NA,21179.6576730627,1,NA,23.2,12.718989415842739,61.41107209880708,120,Innlandet,50,-,0,-,0
Dalälven,310.Z,1a,159592.4149394,310,NA,NA,3345.51741343598,1,NA,2.1,12.815610035379079,61.73361860325954,121,Innlandet,30,-,0,-,0
Lutua,311.A5Z,3a,26923.74638608,311,NA,NA,3759.82890071009,1,NA,14,12.749056603256378,61.04936649241604,122,Innlandet,6,-,0,-,0
Grøna,311.AZ,2a,50613.424939,311,NA,NA,1828.40468443636,1,NA,3.6,12.509978755734736,61.24349333296516,123,Innlandet,50,-,0,-,0
Kolåa,311.B3Z,3a,17495.55067993,311,NA,NA,141.906822595123,1,NA,0.8,12.392067893248942,61.244379729724756,124,Innlandet,17,-,0,-,0
Trørøsta,311.B4Z,3a,11955.51837795,311,256.305900317695,1,NA,NA,2.1,NA,12.211316592348656,61.278871024588646,125,Innlandet,12,-,0,-,0
Storflena,311.BZ,2a,36044.67529156,311,1211.95635984657,1,NA,NA,3.4,NA,12.242426314138541,61.49485675991669,126,Innlandet,36,-,0,-,0
Elta,311.CZ,2a,43088.77542,311,8280.17619562321,1,NA,NA,19.2,NA,11.970136165958213,61.46146973377629,127,Innlandet,43,-,0,-,0
Engera,311.DZ,2a,48533.71446969,311,182.56099666074,1,NA,NA,0.4,NA,11.972008061411584,61.70530276309896,128,Innlandet,48,-,0,-,0
Snerta,311.E5Z,3a,12936.97022834,311,667.672942524612,1,NA,NA,5.2,NA,11.791433232446545,61.7256070413616,129,Innlandet,13,-,0,-,0
Sømåa,311.GZ,2a,82354.60878745,311,NA,NA,23826.8252361226,1,NA,28.9,11.496774412933915,62.18350572411574,130,Innlandet,82,-,0,-,0
Elgåa,311.J3Z,3a,16298.14345049,311,NA,NA,9570.81457820492,1,NA,58.7,11.975054628070241,62.128448386478844,131,Innlandet,16,-,0,-,0
Tufsinga,311.J4Z,3a,53629.81139699,311,NA,NA,9393.444979448,1,NA,17.5,11.68422887091208,62.31253099136214,132,Innlandet,38,Trøndelag,15,-,0
Trysilelva,311.Z,1a,256685.49293954,311,50887.3017344074,2,19057.4418832711,1,19.8,7.4,12.108609394737455,61.75785605452273,133,Innlandet,203,Trøndelag,7,-,0
Kjerkesåa,312.AEZ,3a,12189.85228893,312,NA,NA,613.602502874281,1,NA,5,12.514931316199243,60.351529057825346,134,Innlandet,8,-,0,-,0
Rotna,312.AZ,2a,126633.1972645,312,NA,NA,37444.758341489,1,NA,29.6,12.681298757565434,60.177793963198056,135,Innlandet,47,-,0,-,0
Vrangselva,313.B1Z,3a,70981.06717086,313,15016.0442890787,1,NA,NA,21.2,NA,12.16713377416925,59.98802157387133,136,Innlandet,46,-,0,-,0
